{
  "cmaes": {
    "method": "cmaes_dr",
    "n_fourier": 5,
    "popsize": 15,
    "max_gen": 200,
    "noise_levels": [
      {
        "noise_scale": 0.5,
        "mean_F": 0.9926277485783208,
        "std_F": 0.0032994372710034147,
        "F_05": 0.9858591129783959,
        "min_F": 0.9797928003829819,
        "best_train_fitness": 0.9944311368679128,
        "generations": 200,
        "wall_time": 1405.797290276736,
        "best_params": [
          2.3182048779065827,
          -1.6350998629051774,
          -0.021579286786663394,
          -0.6028641986761879,
          -2.0695016164481426,
          1.5853025019216516,
          1.6249427451465348,
          -2.2694825948295407,
          1.265833736167623,
          -0.34466464882003056,
          0.979081793376273,
          -1.3705694663444383,
          4.366245087009331,
          0.36594055978900436,
          0.1426595595290273,
          -0.9538941615317718,
          -0.36812729221523116,
          -2.8587044181562598,
          2.5816756734363318,
          -0.4302553609482929
        ]
      },
      {
        "noise_scale": 1.0,
        "mean_F": 0.9936462431132246,
        "std_F": 0.0022723550400049132,
        "F_05": 0.9894613849721801,
        "min_F": 0.9823169983548496,
        "best_train_fitness": 0.9940263479095888,
        "generations": 200,
        "wall_time": 1455.1528123691678,
        "best_params": [
          1.7080605811243832,
          -2.891678045745756,
          -2.9629194149691602,
          0.44666899626309026,
          -0.6511008760925578,
          0.42910669468800916,
          0.21236339592517414,
          -1.6745447494716317,
          -0.5946857850733098,
          1.6239951497771543,
          1.5045807287680402,
          -2.1872619645084885,
          -0.7817736698471239,
          -1.6578267290510849,
          1.28588038236968,
          -1.6814635438881436,
          -1.0429370797148694,
          2.5537019273736914,
          0.9648681768202221,
          -0.7813937199108363
        ]
      },
      {
        "noise_scale": 1.5,
        "mean_F": 0.9781555182873345,
        "std_F": 0.015247005129151236,
        "F_05": 0.9426485612844184,
        "min_F": 0.9202856183227957,
        "best_train_fitness": 0.9818853470369433,
        "generations": 200,
        "wall_time": 1465.4260562006384,
        "best_params": [
          -0.9059357198108746,
          -3.192400399274209,
          -1.0211127649139362,
          -2.5530698499127804,
          -1.6225887307258813,
          -2.770488841662967,
          -1.7870037086449848,
          -1.4956924878877071,
          -0.5277554224657814,
          0.8282829702260311,
          3.797987568238689,
          0.6361102740364466,
          -3.3224183495883093,
          -5.9349044864389775,
          -0.01665866141384406,
          1.5304974092501293,
          -0.761328399163333,
          -0.3486048250191559,
          0.25088054023846257,
          -3.6527211460262103
        ]
      },
      {
        "noise_scale": 2.0,
        "mean_F": 0.9769175870926204,
        "std_F": 0.017372698761605326,
        "F_05": 0.9412200486902556,
        "min_F": 0.8958759846368909,
        "best_train_fitness": 0.9835097955521276,
        "generations": 200,
        "wall_time": 1328.674704855308,
        "best_params": [
          3.8143563505697102,
          -3.4232881045341808,
          -4.431813769248102,
          -6.987315441512878,
          -3.8200012330356103,
          0.0342055815476085,
          2.303234397849858,
          -1.134138154014752,
          -0.2979132640322091,
          2.5793299724454086,
          2.1003321835521263,
          2.2762935216642797,
          0.0664990833322327,
          4.289271671566746,
          -0.9548737005062222,
          -1.5346821761274156,
          4.054171267738683,
          6.1695431224018975,
          5.6502544490750415,
          4.855994579694506
        ]
      },
      {
        "noise_scale": 2.5,
        "mean_F": 0.9880338924307972,
        "std_F": 0.009968052300429905,
        "F_05": 0.9706330477024079,
        "min_F": 0.9418993596739663,
        "best_train_fitness": 0.9915535463908153,
        "generations": 200,
        "wall_time": 1407.7872894257307,
        "best_params": [
          0.4561792812950935,
          -2.3621366857844373,
          -0.3356416963538099,
          1.0160581854357003,
          -1.8643563756813148,
          -0.39605066740888223,
          1.0581308800293525,
          -0.38690946810107923,
          -0.36793035359710274,
          0.40466874910351797,
          1.3129805778739376,
          -0.34490362158197163,
          0.2733053738430697,
          -2.149803601670673,
          -2.966929395698942,
          1.8152099578662781,
          -1.2564959060925702,
          2.633826807108978,
          4.609888928010216,
          -4.05142168257772
        ]
      },
      {
        "noise_scale": 3.0,
        "mean_F": 0.9582536701563404,
        "std_F": 0.030373583785865327,
        "F_05": 0.899234268653506,
        "min_F": 0.8270732027013339,
        "best_train_fitness": 0.968077907601691,
        "generations": 200,
        "wall_time": 1314.5903600007296,
        "best_params": [
          0.25815188321718757,
          -1.0745697720946166,
          2.3994671420431715,
          -6.115939141972635,
          0.3524043032317378,
          -2.0985032773083376,
          -0.22362784056904852,
          6.53939256010134,
          0.7041399209126141,
          -1.5596661983391744,
          -0.13402636626575426,
          2.574863600477432,
          -1.1099485481132858,
          1.216864284994859,
          -2.4145448170769357,
          1.3895077527940851,
          0.7232059450392593,
          4.905988628850245,
          -1.644006110107277,
          -8.967031101522103
        ]
      },
      {
        "noise_scale": 4.0,
        "mean_F": 0.9299276576389045,
        "std_F": 0.06530970150339692,
        "F_05": 0.793842263557871,
        "min_F": 0.5448510303101769,
        "best_train_fitness": 0.9623451202662172,
        "generations": 200,
        "wall_time": 1339.9832258801907,
        "best_params": [
          -1.1103150059947802,
          -2.7624983458663532,
          -0.4765776869331938,
          -0.06419932697227025,
          -0.055829579409569174,
          1.7329444797000901,
          0.09454967491625267,
          -0.5105697363985765,
          1.8773347360416495,
          0.3660183671715636,
          -1.100975771110406,
          2.6768973418387247,
          -0.4401460281977449,
          -0.26794357921253537,
          -1.8761816545870966,
          -0.5252424787977433,
          -0.13498712288892115,
          2.563053185241677,
          0.839606410469399,
          -1.023318562576065
        ]
      },
      {
        "noise_scale": 5.0,
        "mean_F": 0.9099477133440926,
        "std_F": 0.14397018446671075,
        "F_05": 0.7360639969203916,
        "min_F": 0.018271960694363758,
        "best_train_fitness": 0.9528959892345975,
        "generations": 200,
        "wall_time": 1273.681436361745,
        "best_params": [
          -0.20818445586320808,
          0.754799784186694,
          0.3541285793525465,
          0.6008261862574396,
          -2.121497997596756,
          0.37972038034333805,
          3.609675896985109,
          3.4801638537452306,
          0.440930395306237,
          0.3940647932770629,
          -0.8794709004203191,
          1.071367323615518,
          1.4925514067585415,
          3.788460150744865,
          1.2565944258068482,
          0.7825514803022198,
          -0.25996537140707077,
          -0.30761916680268475,
          -2.699509487224881,
          -2.6388468095434114
        ]
      }
    ]
  }
}