{
  "grape": {
    "method": "grape",
    "noiseless_F": 0.9999986491097143,
    "omega_pulse": [
      2221441.469079183,
      2221441.469079183,
      2221441.469079183,
      2221441.469079183,
      2221441.469079183,
      2221441.469079183,
      2221441.469079183,
      2221441.469079183,
      2221441.469079183,
      2221441.469079183,
      2221441.469079183,
      2221441.469079183,
      2221441.469079183,
      2221441.469079183,
      2221441.469079183,
      2221441.469079183,
      2221441.469079183,
      2221441.469079183,
      2221441.469079183,
      2221441.469079183,
      2221441.469079183,
      2221441.469079183,
      2221441.469079183,
      2221441.469079183,
      2221441.469079183,
      2221441.469079183,
      2221441.469079183,
      2221441.469079183,
      2221441.469079183,
      2221441.469079183,
      2221441.469079183,
      2221441.469079183,
      2221441.469079183,
      2221441.469079183,
      2221441.469079183,
      2221441.469079183,
      2221441.469079183,
      2221441.469079183,
      2221441.469079183,
      2221441.469079183,
      2221441.469079183,
      2221441.469079183,
      2221441.469079183,
      2221441.469079183,
      2221441.469079183,
      2221441.469079183,
      2221441.469079183,
      2221441.469079183,
      2221441.469079183,
      2221441.469079183,
      2221441.469079183,
      2221441.469079183,
      2221441.469079183,
      2221441.469079183,
      2221441.469079183,
      2221441.469079183,
      2221441.469079183,
      2221441.469079183,
      2221441.469079183,
      2221441.469079183
    ],
    "delta_pulse": [
      0.0,
      0.0,
      0.0,
      0.0,
      0.0,
      0.0,
      0.0,
      0.0,
      0.0,
      0.0,
      0.0,
      0.0,
      0.0,
      0.0,
      0.0,
      0.0,
      0.0,
      0.0,
      0.0,
      0.0,
      0.0,
      0.0,
      0.0,
      0.0,
      0.0,
      0.0,
      0.0,
      0.0,
      0.0,
      0.0,
      0.0,
      0.0,
      0.0,
      0.0,
      0.0,
      0.0,
      0.0,
      0.0,
      0.0,
      0.0,
      0.0,
      0.0,
      0.0,
      0.0,
      0.0,
      0.0,
      0.0,
      0.0,
      0.0,
      0.0,
      0.0,
      0.0,
      0.0,
      0.0,
      0.0,
      0.0,
      0.0,
      0.0,
      0.0,
      0.0
    ],
    "noise_levels": [
      {
        "noise_scale": 0.5,
        "mean_F": 0.9804931573144282,
        "std_F": 0.014699811238362257,
        "F_05": 0.9514800171303534,
        "min_F": 0.9031310624502187,
        "wall_time": 31.03106888756156
      },
      {
        "noise_scale": 1.0,
        "mean_F": 0.962296275554193,
        "std_F": 0.02892663813898743,
        "F_05": 0.9130790142357714,
        "min_F": 0.8437942052205439,
        "wall_time": 31.927202090620995
      },
      {
        "noise_scale": 1.5,
        "mean_F": 0.935647766071586,
        "std_F": 0.05558791465631679,
        "F_05": 0.8239867882287621,
        "min_F": 0.6751362434751866,
        "wall_time": 33.227287508547306
      },
      {
        "noise_scale": 2.0,
        "mean_F": 0.9014563048103875,
        "std_F": 0.09155214809527888,
        "F_05": 0.720536103488825,
        "min_F": 0.4646875015588779,
        "wall_time": 40.28216739743948
      },
      {
        "noise_scale": 2.5,
        "mean_F": 0.8585291414302338,
        "std_F": 0.12921146585730986,
        "F_05": 0.6013717424082887,
        "min_F": 0.30746810381878253,
        "wall_time": 43.031812466681004
      },
      {
        "noise_scale": 3.0,
        "mean_F": 0.8142577120333843,
        "std_F": 0.16783963029798546,
        "F_05": 0.48934839440207833,
        "min_F": 0.1714078220026264,
        "wall_time": 60.15020556934178
      },
      {
        "noise_scale": 4.0,
        "mean_F": 0.7150321076674699,
        "std_F": 0.23802610568634183,
        "F_05": 0.23246358405207634,
        "min_F": 0.0,
        "wall_time": 142.39389293268323
      },
      {
        "noise_scale": 5.0,
        "mean_F": 0.607359728912976,
        "std_F": 0.29603164216620376,
        "F_05": 0.03326190244689121,
        "min_F": 0.0,
        "wall_time": 108.3014922235161
      }
    ]
  }
}