{
  "loss": [
    0.9976960846185403,
    0.990953485906543,
    0.9973315648425514,
    0.9972786918516109,
    0.9959967295403289,
    0.9979283399624806,
    0.9973589261559487,
    0.9950916647446653,
    0.9971317029471906,
    0.9954330054810214,
    0.9940147420320853,
    0.9977201192090221,
    0.997187778696046,
    0.9959836922028329,
    0.9964792974171295,
    0.9964128720934275,
    0.9979351349051122,
    0.9950020125241387,
    0.9971970861747731,
    0.9979842403374042,
    0.9918119313931091,
    0.9975748936696045,
    0.9955439316827087,
    0.997987238396489,
    0.980845417820635,
    0.9975241888325008,
    0.9980122192775309,
    0.9964694112459598,
    0.9978528110758449,
    0.9972900527227617,
    0.9940978846260046,
    0.9973251308019546,
    0.9976552998171907,
    0.9946164659152097,
    0.9876529767483483,
    0.9924255896171403,
    0.997776072083595,
    0.9890414973663934,
    0.9980293816024014,
    0.9968456177021079,
    0.9937679309827534,
    0.9939492833131416,
    0.9973488126748482,
    0.9978947559592724,
    0.9963715019902806,
    0.9977857316128973,
    0.9974281705942677,
    0.9939194688164854,
    0.995099813166858,
    0.997764751630419,
    0.9977516813129839,
    0.9942500158376185,
    0.9965522166019677,
    0.9975632901136692,
    0.9972850672152656,
    0.9962571457412646,
    0.9974334233752047,
    0.985512180932208,
    0.9969465178736316,
    0.997973358627327,
    0.9966793743716854,
    0.9933807734725159,
    0.9977160251603067,
    0.9965470606862976,
    0.9945207085791037,
    0.9957532392900263,
    0.9978619481393182,
    0.9968176486423369,
    0.9980722037106988,
    0.9956572734744948,
    0.9974394606596237,
    0.9972707121522373,
    0.9910014308581264,
    0.9913325827559075,
    0.9957009405415107,
    0.9938569337960692,
    0.9978099551434998,
    0.9976038197517769,
    0.9954090943454383,
    0.9963148641969107,
    0.9969073103142496,
    0.9975905980468867,
    0.9975835787302552,
    0.9943858851692189,
    0.9980477863703552,
    0.9975243803701402,
    0.9980688519621934,
    0.9978215361234257,
    0.9933080795856589,
    0.9970287835144094,
    0.9921728703805128,
    0.9964605132936903,
    0.9940146871314232,
    0.997905382243037,
    0.9960202944528593,
    0.9904979157721843,
    0.9975175650933478,
    0.9970461976645775,
    0.9905874190544277,
    0.9912735727079929
  ],
  "mean_F": [
    0.9976960846185403,
    0.990953485906543,
    0.9973315648425514,
    0.9972786918516109,
    0.9959967295403289,
    0.9979283399624806,
    0.9973589261559487,
    0.9950916647446653,
    0.9971317029471906,
    0.9954330054810214,
    0.9940147420320853,
    0.9977201192090221,
    0.997187778696046,
    0.9959836922028329,
    0.9964792974171295,
    0.9964128720934275,
    0.9979351349051122,
    0.9950020125241387,
    0.9971970861747731,
    0.9979842403374042,
    0.9918119313931091,
    0.9975748936696045,
    0.9955439316827087,
    0.997987238396489,
    0.980845417820635,
    0.9975241888325008,
    0.9980122192775309,
    0.9964694112459598,
    0.9978528110758449,
    0.9972900527227617,
    0.9940978846260046,
    0.9973251308019546,
    0.9976552998171907,
    0.9946164659152097,
    0.9876529767483483,
    0.9924255896171403,
    0.997776072083595,
    0.9890414973663934,
    0.9980293816024014,
    0.9968456177021079,
    0.9937679309827534,
    0.9939492833131416,
    0.9973488126748482,
    0.9978947559592724,
    0.9963715019902806,
    0.9977857316128973,
    0.9974281705942677,
    0.9939194688164854,
    0.995099813166858,
    0.997764751630419,
    0.9977516813129839,
    0.9942500158376185,
    0.9965522166019677,
    0.9975632901136692,
    0.9972850672152656,
    0.9962571457412646,
    0.9974334233752047,
    0.985512180932208,
    0.9969465178736316,
    0.997973358627327,
    0.9966793743716854,
    0.9933807734725159,
    0.9977160251603067,
    0.9965470606862976,
    0.9945207085791037,
    0.9957532392900263,
    0.9978619481393182,
    0.9968176486423369,
    0.9980722037106988,
    0.9956572734744948,
    0.9974394606596237,
    0.9972707121522373,
    0.9910014308581264,
    0.9913325827559075,
    0.9957009405415107,
    0.9938569337960692,
    0.9978099551434998,
    0.9976038197517769,
    0.9954090943454383,
    0.9963148641969107,
    0.9969073103142496,
    0.9975905980468867,
    0.9975835787302552,
    0.9943858851692189,
    0.9980477863703552,
    0.9975243803701402,
    0.9980688519621934,
    0.9978215361234257,
    0.9933080795856589,
    0.9970287835144094,
    0.9921728703805128,
    0.9964605132936903,
    0.9940146871314232,
    0.997905382243037,
    0.9960202944528593,
    0.9904979157721843,
    0.9975175650933478,
    0.9970461976645775,
    0.9905874190544277,
    0.9912735727079929
  ],
  "wall_time": 1005.9354944340885
}