{
  "0.5": {
    "oracle_mean_F": 0.9968806505203247,
    "oracle_std_F": 0.00033128366339951754,
    "cmaes_mean_F": 0.9922972321510315,
    "cmaes_std_F": 0.0012373127974569798,
    "gap": 0.004583418369293213,
    "min_F": 0.9960578083992004,
    "oracle_fidelities": [
      0.9970141053199768,
      0.9970569014549255,
      0.9971239566802979,
      0.9970466494560242,
      0.9967896938323975,
      0.9971559643745422,
      0.9970264434814453,
      0.9964781403541565,
      0.9970179796218872,
      0.9967917799949646,
      0.9971159100532532,
      0.997299075126648,
      0.9972373843193054,
      0.9971638917922974,
      0.9969379305839539,
      0.9971330165863037,
      0.9962501525878906,
      0.9962660074234009,
      0.9960578083992004,
      0.9969934225082397,
      0.996315598487854,
      0.9966069459915161,
      0.9966672658920288,
      0.9965803623199463,
      0.9970752596855164,
      0.9968721866607666,
      0.9969433546066284,
      0.9971837997436523,
      0.9969449043273926,
      0.997092068195343,
      0.9973412752151489,
      0.9966016411781311
    ],
    "cmaes_fidelities": [
      0.9929062128067017,
      0.9922727346420288,
      0.9936244487762451,
      0.9928060173988342,
      0.9938257932662964,
      0.9925861954689026,
      0.9942693710327148,
      0.9914005994796753,
      0.9918220043182373,
      0.9931440949440002,
      0.9930651187896729,
      0.9915280342102051,
      0.9921144247055054,
      0.9936603307723999,
      0.9925580620765686,
      0.9919658303260803,
      0.9918838739395142,
      0.9903959035873413,
      0.9912732243537903,
      0.9913973808288574,
      0.99066162109375,
      0.9902422428131104,
      0.9927418231964111,
      0.9930565357208252,
      0.993474006652832,
      0.9946132302284241,
      0.9929198026657104,
      0.9930284023284912,
      0.9895637035369873,
      0.9908214211463928,
      0.993144154548645,
      0.9907462000846863
    ],
    "wall_time": 19.292835434898734
  },
  "1.0": {
    "oracle_mean_F": 0.9965510368347168,
    "oracle_std_F": 0.00058340112445876,
    "cmaes_mean_F": 0.9904382824897766,
    "cmaes_std_F": 0.003028882434591651,
    "gap": 0.0061127543449401855,
    "min_F": 0.9944211840629578,
    "oracle_fidelities": [
      0.9967716336250305,
      0.9965541362762451,
      0.9960604906082153,
      0.9965896010398865,
      0.9967561364173889,
      0.9944211840629578,
      0.9970675706863403,
      0.9966763257980347,
      0.9960131645202637,
      0.9965918064117432,
      0.9964761137962341,
      0.9967861771583557,
      0.9970459938049316,
      0.9967963695526123,
      0.9971293807029724,
      0.99639493227005,
      0.9968060255050659,
      0.9970160722732544,
      0.9968282580375671,
      0.9969077110290527,
      0.9963489770889282,
      0.9948359727859497,
      0.9963062405586243,
      0.9969505071640015,
      0.9965500235557556,
      0.9968695640563965,
      0.9963636994361877,
      0.9964677691459656,
      0.9969490766525269,
      0.9964151978492737,
      0.9967567920684814,
      0.9971284866333008
    ],
    "cmaes_fidelities": [
      0.9882215261459351,
      0.9904098510742188,
      0.9897196292877197,
      0.9933886528015137,
      0.9909168481826782,
      0.9901405572891235,
      0.9867041110992432,
      0.9939079284667969,
      0.9943605065345764,
      0.9892810583114624,
      0.9930263757705688,
      0.9938431978225708,
      0.9920803308486938,
      0.9891120791435242,
      0.9946866035461426,
      0.9870131015777588,
      0.9891775846481323,
      0.9874124526977539,
      0.9926908016204834,
      0.9901951551437378,
      0.988196611404419,
      0.9905948042869568,
      0.9925082921981812,
      0.993449330329895,
      0.9911817312240601,
      0.9898248314857483,
      0.9839184284210205,
      0.9834334850311279,
      0.9911562204360962,
      0.9857211709022522,
      0.993004560470581,
      0.9947484135627747
    ],
    "wall_time": 17.744503332301974
  },
  "1.5": {
    "oracle_mean_F": 0.9951481819152832,
    "oracle_std_F": 0.0025659205857664347,
    "cmaes_mean_F": 0.986639142036438,
    "cmaes_std_F": 0.004769848193973303,
    "gap": 0.008509039878845215,
    "min_F": 0.984149694442749,
    "oracle_fidelities": [
      0.9967589974403381,
      0.996310830116272,
      0.9956637024879456,
      0.9950518608093262,
      0.9946320056915283,
      0.9966508746147156,
      0.9970175623893738,
      0.99473637342453,
      0.993395984172821,
      0.984149694442749,
      0.9958741664886475,
      0.988986074924469,
      0.9965521693229675,
      0.9966579079627991,
      0.9962911009788513,
      0.9946834444999695,
      0.9952496290206909,
      0.9974390864372253,
      0.9965432286262512,
      0.9944438934326172,
      0.996839702129364,
      0.9945825338363647,
      0.9953633546829224,
      0.9973181486129761,
      0.9955487847328186,
      0.993746280670166,
      0.9963160753250122,
      0.996083676815033,
      0.993639349937439,
      0.9965993165969849,
      0.9955565929412842,
      0.9960604310035706
    ],
    "cmaes_fidelities": [
      0.9845262765884399,
      0.9860384464263916,
      0.9850473999977112,
      0.9895827174186707,
      0.9819692373275757,
      0.9866647720336914,
      0.9866980314254761,
      0.9789202213287354,
      0.9859457015991211,
      0.9839641451835632,
      0.9870399832725525,
      0.988986074924469,
      0.9833950996398926,
      0.9767724275588989,
      0.9761278629302979,
      0.9914256930351257,
      0.9917723536491394,
      0.978645920753479,
      0.9913622736930847,
      0.9840729832649231,
      0.9909674525260925,
      0.990723192691803,
      0.9929688572883606,
      0.9872100353240967,
      0.987797737121582,
      0.9824962615966797,
      0.9853482246398926,
      0.9928735494613647,
      0.9910950064659119,
      0.9872184991836548,
      0.9898704290390015,
      0.994927167892456
    ],
    "wall_time": 18.03206374682486
  },
  "2.0": {
    "oracle_mean_F": 0.9954769611358643,
    "oracle_std_F": 0.0021358339581638575,
    "cmaes_mean_F": 0.9800622463226318,
    "cmaes_std_F": 0.018880115821957588,
    "gap": 0.015414714813232422,
    "min_F": 0.9879058599472046,
    "oracle_fidelities": [
      0.9964693784713745,
      0.9964736700057983,
      0.9972732663154602,
      0.9965275526046753,
      0.9953921437263489,
      0.9969339370727539,
      0.9879058599472046,
      0.9968953132629395,
      0.9958469271659851,
      0.9944950938224792,
      0.9963019490242004,
      0.9896336197853088,
      0.9967362880706787,
      0.9964104890823364,
      0.9943647980690002,
      0.9959524869918823,
      0.9964330196380615,
      0.9953351020812988,
      0.9957027435302734,
      0.9920679926872253,
      0.9957600831985474,
      0.9969401955604553,
      0.9943533539772034,
      0.9966760873794556,
      0.993956983089447,
      0.9969156980514526,
      0.9970110654830933,
      0.9968568086624146,
      0.9937361478805542,
      0.9961441159248352,
      0.9965538382530212,
      0.9972076416015625
    ],
    "cmaes_fidelities": [
      0.9916763305664062,
      0.992389976978302,
      0.9636715650558472,
      0.9920468330383301,
      0.9760580658912659,
      0.9762538075447083,
      0.9879058599472046,
      0.9922848343849182,
      0.9877623915672302,
      0.9814591407775879,
      0.9130145311355591,
      0.9828590154647827,
      0.9888702034950256,
      0.9899797439575195,
      0.9771543741226196,
      0.9952105283737183,
      0.9940735697746277,
      0.9413877129554749,
      0.9406908750534058,
      0.9902017712593079,
      0.9885677099227905,
      0.9884271025657654,
      0.9826433658599854,
      0.9573444128036499,
      0.9907362461090088,
      0.9927078485488892,
      0.990060567855835,
      0.9885062575340271,
      0.9897313117980957,
      0.9908681511878967,
      0.9598395228385925,
      0.9876085519790649
    ],