{
  "0.5": {
    "cmaes": {
      "mean_F": 0.9946574756353656,
      "std_F": 0.0010499238966292306
    },
    "phase_b": {
      "mean_F": 0.15665805543549172,
      "std_F": 0.06323464737257088
    },
    "phase_c": {
      "mean_F": 0.9901982566769475,
      "std_F": 0.0019420547296734232
    }
  },
  "1.0": {
    "cmaes": {
      "mean_F": 0.993646331155058,
      "std_F": 0.0022723053645487424
    },
    "phase_b": {
      "mean_F": 0.14699226179440805,
      "std_F": 0.07167217962164997
    },
    "phase_c": {
      "mean_F": 0.9900778972263907,
      "std_F": 0.002117737224972193
    }
  },
  "1.5": {
    "cmaes": {
      "mean_F": 0.9921758930645191,
      "std_F": 0.003647008636744211
    },
    "phase_b": {
      "mean_F": 0.13324307770839264,
      "std_F": 0.07661931960492947
    },
    "phase_c": {
      "mean_F": 0.9902791826080911,
      "std_F": 0.002042564496175225
    }
  },
  "2.0": {
    "cmaes": {
      "mean_F": 0.9895837963115344,
      "std_F": 0.006755096440081827
    },
    "phase_b": {
      "mean_F": 0.12008908769813392,
      "std_F": 0.0779808243930824
    },
    "phase_c": {
      "mean_F": 0.9895698391689055,
      "std_F": 0.002790739679746436
    }
  },
  "3.0": {
    "cmaes": {
      "mean_F": 0.9821563296254527,
      "std_F": 0.01528533334478454
    },
    "phase_b": {
      "mean_F": 0.10577529096480864,
      "std_F": 0.08124589385358595
    },
    "phase_c": {
      "mean_F": 0.9875593993847438,
      "std_F": 0.005694329143929625
    }
  },
  "5.0": {
    "cmaes": {
      "mean_F": 0.9472366074463829,
      "std_F": 0.058117920184693195
    },
    "phase_b": {
      "mean_F": 0.12371032469039946,
      "std_F": 0.11597312787334096
    },
    "phase_c": {
      "mean_F": 0.9679223920850479,
      "std_F": 0.05845825225122564
    }
  }
}