{
  "loss": [
    0.9685479200876355,
    0.9767324089456471,
    0.9762740282531406,
    0.9854113481347422,
    0.9851232022429842,
    0.9385803950977372,
    0.9506974239487189,
    0.9929412484914357,
    0.9730930448642314,
    0.9879287841967386,
    0.9890750387474952,
    0.9671229094727909,
    0.9901268089607409,
    0.9867557889337896,
    0.9722924723553976,
    0.9924734629185188,
    0.9828008148338738,
    0.9920656120647828,
    0.9662305373207623,
    0.9759604201305274,
    0.9903020071213409,
    0.9929423223252374,
    0.9930930223895158,
    0.9919407017670366,
    0.9825100326448419,
    0.977053782226849,
    0.9887627263157788,
    0.9926584235727824,
    0.9891394280642671,
    0.990033777973732,
    0.9711473032362471,
    0.9907538108304873,
    0.9717915422080986,
    0.9935821817695613,
    0.9895772217818611,
    0.9864312022962962,
    0.9894218329415618,
    0.9929845033655122,
    0.9898662849499035,
    0.9931187206682173,
    0.9867096408007185,
    0.9610189891915217,
    0.9924607457497676,
    0.9923946026366077,
    0.9625347912776965,
    0.9633043237557064,
    0.9642660494294307,
    0.9686908218084012,
    0.9311219557168862,
    0.9892016340555232,
    0.9917431012059786,
    0.9926503285127508,
    0.9860691123586445,
    0.9806979460573355,
    0.9772213503871308,
    0.9785476110435334,
    0.9858381177789266,
    0.9702636784967795,
    0.9898244514723143,
    0.9858070617854631,
    0.9796182945224033,
    0.9917683285351129,
    0.9923890805578063,
    0.9530314979956654,
    0.9925047253223811,
    0.9826389883359833,
    0.9902241568218125,
    0.9872069842189235,
    0.9879071853983592,
    0.9854798650458416,
    0.9804192503378606,
    0.9738448026465416,
    0.986817293804179,
    0.9770765986291456,
    0.9904004400727432,
    0.9925456319324943,
    0.9829041062994012,
    0.9930109265470122,
    0.9606664047121072,
    0.9727563196947997,
    0.9852196549338373,
    0.9903435311004813,
    0.9906974079131827,
    0.9899232890451177,
    0.9792858431331724,
    0.9686224084386592,
    0.9911683195771269,
    0.9901158293279844,
    0.9918405070036542,
    0.9851842463615781,
    0.9927958733568605,
    0.9932525089131412,
    0.9758365887724326,
    0.9920242941903945,
    0.9903837472799231,
    0.991537429524437,
    0.9722090696563463,
    0.9524807914386155,
    0.9922618727935401,
    0.983716793071587
  ],
  "mean_F": [
    0.9685479200876355,
    0.9767324089456471,
    0.9762740282531406,
    0.9854113481347422,
    0.9851232022429842,
    0.9385803950977372,
    0.9506974239487189,
    0.9929412484914357,
    0.9730930448642314,
    0.9879287841967386,
    0.9890750387474952,
    0.9671229094727909,
    0.9901268089607409,
    0.9867557889337896,
    0.9722924723553976,
    0.9924734629185188,
    0.9828008148338738,
    0.9920656120647828,
    0.9662305373207623,
    0.9759604201305274,
    0.9903020071213409,
    0.9929423223252374,
    0.9930930223895158,
    0.9919407017670366,
    0.9825100326448419,
    0.977053782226849,
    0.9887627263157788,
    0.9926584235727824,
    0.9891394280642671,
    0.990033777973732,
    0.9711473032362471,
    0.9907538108304873,
    0.9717915422080986,
    0.9935821817695613,
    0.9895772217818611,
    0.9864312022962962,
    0.9894218329415618,
    0.9929845033655122,
    0.9898662849499035,
    0.9931187206682173,
    0.9867096408007185,
    0.9610189891915217,
    0.9924607457497676,
    0.9923946026366077,
    0.9625347912776965,
    0.9633043237557064,
    0.9642660494294307,
    0.9686908218084012,
    0.9311219557168862,
    0.9892016340555232,
    0.9917431012059786,
    0.9926503285127508,
    0.9860691123586445,
    0.9806979460573355,
    0.9772213503871308,
    0.9785476110435334,
    0.9858381177789266,
    0.9702636784967795,
    0.9898244514723143,
    0.9858070617854631,
    0.9796182945224033,
    0.9917683285351129,
    0.9923890805578063,
    0.9530314979956654,
    0.9925047253223811,
    0.9826389883359833,
    0.9902241568218125,
    0.9872069842189235,
    0.9879071853983592,
    0.9854798650458416,
    0.9804192503378606,
    0.9738448026465416,
    0.986817293804179,
    0.9770765986291456,
    0.9904004400727432,
    0.9925456319324943,
    0.9829041062994012,
    0.9930109265470122,
    0.9606664047121072,
    0.9727563196947997,
    0.9852196549338373,
    0.9903435311004813,
    0.9906974079131827,
    0.9899232890451177,
    0.9792858431331724,
    0.9686224084386592,
    0.9911683195771269,
    0.9901158293279844,
    0.9918405070036542,
    0.9851842463615781,
    0.9927958733568605,
    0.9932525089131412,
    0.9758365887724326,
    0.9920242941903945,
    0.9903837472799231,
    0.991537429524437,
    0.9722090696563463,
    0.9524807914386155,
    0.9922618727935401,
    0.983716793071587
  ],
  "estimation_error": [
    860063399936.0,
    928532398080.0,
    785368678400.0,
    310948069376.0,
    416156155904.0,
    894941134848.0,
    562333745152.0,
    36220559360.0,
    622791688192.0,
    235736236032.0,
    208126443520.0,
    701557768192.0,
    158818926592.0,
    358910263296.0,
    424320401408.0,
    23021039616.0,
    248096718848.0,
    71440441344.0,
    340654489600.0,
    617730277376.0,
    203202232320.0,
    15655713792.0,
    52320526336.0,
    86871195648.0,
    414071128064.0,
    378630569984.0,
    274671910912.0,
    31567575040.0,
    222672355328.0,
    241667276800.0,
    757316386816.0,
    145715298304.0,
    863541788672.0,
    35408101376.0,
    175715237888.0,
    369345822720.0,
    198958579712.0,
    30974902272.0,
    256553975808.0,
    30232926208.0,
    298414702592.0,
    990320984064.0,
    114351833088.0,
    48184537088.0,
    593338171392.0,
    552324825088.0,
    581807177728.0,
    877877723136.0,
    411010793472.0,
    69682954240.0,
    8437313024.0,
    20885499904.0,
    316816359424.0,
    459229036544.0,
    348048031744.0,
    550116720640.0,
    68881399808.0,
    872160100352.0,
    137633628160.0,
    198887964672.0,
    487253147648.0,
    14830133248.0,
    104811356160.0,
    441674465280.0,
    70950944768.0,
    229761531904.0,
    138848092160.0,
    142429257728.0,
    136521777152.0,
    252233826304.0,
    349535993856.0,
    768627572736.0,
    285993238528.0,
    394460102656.0,
    78555398144.0,
    118749396992.0,
    312674091008.0,
    38137331712.0,
    895797100544.0,
    488638775296.0,
    408989466624.0,
    112598450176.0,
    158581178368.0,
    129354891264.0,
    492883673088.0,
    674650128384.0,
    64486563840.0,
    169869279232.0,
    93259456512.0,
    187068694528.0,
    27622113280.0,
    50442493952.0,
    727292706816.0,
    74359504896.0,
    140132859904.0,
    85486272512.0,
    887582818304.0,
    560668409856.0,
    50671738880.0,
    350360535040.0
  ],
  "wall_time": 978.0596290435642
}