{
  "0.5": {
    "cmaes": {
      "mean_F": 0.9946574756353656,
      "std_F": 0.0010499238966292306
    },
    "phase_b": {
      "mean_F": 0.9979943082374075,
      "std_F": 0.00018440515377836903
    },
    "phase_c": {
      "mean_F": 0.9916868442359305,
      "std_F": 0.0015340904022819691
    }
  },
  "1.0": {
    "cmaes": {
      "mean_F": 0.993646331155058,
      "std_F": 0.0022723053645487424
    },
    "phase_b": {
      "mean_F": 0.9979051866366357,
      "std_F": 0.0003971800582701056
    },
    "phase_c": {
      "mean_F": 0.9913632302219273,
      "std_F": 0.002246608298192962
    }
  },
  "1.5": {
    "cmaes": {
      "mean_F": 0.9921758930645191,
      "std_F": 0.003647008636744211
    },
    "phase_b": {
      "mean_F": 0.9978328417497531,
      "std_F": 0.0003907896200756894
    },
    "phase_c": {
      "mean_F": 0.9912349285438353,
      "std_F": 0.00219082309690225
    }
  },
  "2.0": {
    "cmaes": {
      "mean_F": 0.9895837963115344,
      "std_F": 0.006755096440081827
    },
    "phase_b": {
      "mean_F": 0.9976378954778956,
      "std_F": 0.0009300111486909361
    },
    "phase_c": {
      "mean_F": 0.9908643021097947,
      "std_F": 0.0025780913520240447
    }
  },
  "3.0": {
    "cmaes": {
      "mean_F": 0.9821563296254527,
      "std_F": 0.01528533334478454
    },
    "phase_b": {
      "mean_F": 0.9973584576987331,
      "std_F": 0.0012650875266329129
    },
    "phase_c": {
      "mean_F": 0.988457172540559,
      "std_F": 0.005081428607642808
    }
  },
  "5.0": {
    "cmaes": {
      "mean_F": 0.9472366074463829,
      "std_F": 0.058117920184693195
    },
    "phase_b": {
      "mean_F": 0.9959137711455952,
      "std_F": 0.0037141248039433404
    },
    "phase_c": {
      "mean_F": 0.9723683274066097,
      "std_F": 0.04809054949441588
    }
  }
}