{
  "0.5": {
    "mean_F": 0.7691490449736352,
    "std_F": 0.011440446576942017
  },
  "1.0": {
    "mean_F": 0.7601492078744773,
    "std_F": 0.014790806225847367
  },
  "1.5": {
    "mean_F": 0.7488251283135477,
    "std_F": 0.019389750398950953
  },
  "2.0": {
    "mean_F": 0.7368289741590769,
    "std_F": 0.024495728827724866
  },
  "3.0": {
    "mean_F": 0.7096573946038314,
    "std_F": 0.03669461397803391
  },
  "5.0": {
    "mean_F": 0.6528518947669332,
    "std_F": 0.06993700300132846
  }
}