{
  "0.5": {
    "mean_F": 0.7921368879260433,
    "std_F": 0.06554797583246257
  },
  "1.0": {
    "mean_F": 0.7958374167584804,
    "std_F": 0.07368623792924323
  },
  "1.5": {
    "mean_F": 0.7995669182320051,
    "std_F": 0.08131990917120013
  },
  "2.0": {
    "mean_F": 0.8006181337603718,
    "std_F": 0.08883558952575336
  },
  "3.0": {
    "mean_F": 0.7949832909449448,
    "std_F": 0.10481051425877451
  },
  "5.0": {
    "mean_F": 0.751885506238996,
    "std_F": 0.15052311141970806
  }
}