{
  "0.5": {
    "mean_F": 0.9979717773975858,
    "std_F": 7.781757228706869e-05
  },
  "1.0": {
    "mean_F": 0.9978410549863633,
    "std_F": 0.00018733721601569336
  },
  "1.5": {
    "mean_F": 0.997651338933826,
    "std_F": 0.00028507698968274737
  },
  "2.0": {
    "mean_F": 0.9973555552237344,
    "std_F": 0.0005209360789239769
  },
  "3.0": {
    "mean_F": 0.9967204684355095,
    "std_F": 0.0009980213905258224
  },
  "5.0": {
    "mean_F": 0.9938545241373857,
    "std_F": 0.015726463371469015
  }
}