{
  "0.5": {
    "mean_F": 0.997950515044534,
    "std_F": 9.659387389140369e-05
  },
  "1.0": {
    "mean_F": 0.9977955844446413,
    "std_F": 0.000192182146233815
  },
  "1.5": {
    "mean_F": 0.9975779026094017,
    "std_F": 0.00031148414644589323
  },
  "2.0": {
    "mean_F": 0.9972671983213134,
    "std_F": 0.0006216489843990458
  },
  "3.0": {
    "mean_F": 0.9965900770766075,
    "std_F": 0.0009870914521651517
  },
  "5.0": {
    "mean_F": 0.9942600041828759,
    "std_F": 0.004891665336803952
  }
}