{
  "0.5": {
    "mean_F": 0.9140277562673655,
    "std_F": 0.11904270900441934
  },
  "1.0": {
    "mean_F": 0.9119734449778849,
    "std_F": 0.08057275904949916
  },
  "1.5": {
    "mean_F": 0.8858545875544334,
    "std_F": 0.12451257952646
  },
  "2.0": {
    "mean_F": 0.8594107399194791,
    "std_F": 0.15638432319250134
  },
  "3.0": {
    "mean_F": 0.8144508650726884,
    "std_F": 0.19881380011948613
  },
  "5.0": {
    "mean_F": 0.7485834375878436,
    "std_F": 0.22295760288610236
  }
}