{
  "T_gates": [
    0.09999999999999999,
    0.19999999999999998,
    0.3,
    0.5,
    1.0,
    2.0,
    5.0
  ],
  "stirap": [
    0.9980611849554875,
    0.9970941900551962,
    0.9960060785674882,
    0.9931585639486868,
    0.980609303983894,
    0.9376355907420494,
    0.7138348586752312
  ],
  "grape": [
    0.9979713731264086,
    0.9968417118964713,
    0.9959388952536085,
    0.9913007894860479,
    0.9738033924538197,
    0.9124145511739318,
    0.6553130980559257
  ]
}