{
  "method": "grape",
  "scenario": "B",
  "mean_F": 0.9956849715618884,
  "F_05": 0.9902357110498496,
  "std_F": 0.00242261229415088,
  "n_trajectories": 100
}