{
  "mean_F": 0.8140896769486073,
  "F_05": 0.4966172802591586,
  "std_F": 0.16729289052936833,
  "method": "grape",
  "scenario": "C",
  "noiseless_F": 0.9999986491097165,
  "omega_pulse": [
    2221441.469079183,
    2221441.469079183,
    2221441.469079183,
    2221441.469079183,
    2221441.469079183,
    2221441.469079183,
    2221441.469079183,
    2221441.469079183,
    2221441.469079183,
    2221441.469079183,
    2221441.469079183,
    2221441.469079183,
    2221441.469079183,
    2221441.469079183,
    2221441.469079183,
    2221441.469079183,
    2221441.469079183,
    2221441.469079183,
    2221441.469079183,
    2221441.469079183,
    2221441.469079183,
    2221441.469079183,
    2221441.469079183,
    2221441.469079183,
    2221441.469079183,
    2221441.469079183,
    2221441.469079183,
    2221441.469079183,
    2221441.469079183,
    2221441.469079183
  ],
  "delta_pulse": [
    0.0,
    0.0,
    0.0,
    0.0,
    0.0,
    0.0,
    0.0,
    0.0,
    0.0,
    0.0,
    0.0,
    0.0,
    0.0,
    0.0,
    0.0,
    0.0,
    0.0,
    0.0,
    0.0,
    0.0,
    0.0,
    0.0,
    0.0,
    0.0,
    0.0,
    0.0,
    0.0,
    0.0,
    0.0,
    0.0
  ]
}