{
  "mean_F": 0.9957873679983635,
  "F_05": 0.9915097963891893,
  "std_F": 0.0021913951029571923,
  "method": "grape",
  "scenario": "B",
  "noiseless_F": 0.9999850847409304,
  "omega_pulse": [
    7404804.89693061,
    7404804.89693061,
    7404804.89693061,
    7404804.89693061,
    7404804.89693061,
    7404804.89693061,
    7404804.89693061,
    7404804.89693061,
    7404804.89693061,
    7404804.89693061,
    7404804.89693061,
    7404804.89693061,
    7404804.89693061,
    7404804.89693061,
    7404804.89693061,
    7404804.89693061,
    7404804.89693061,
    7404804.89693061,
    7404804.89693061,
    7404804.89693061,
    7404804.89693061,
    7404804.89693061,
    7404804.89693061,
    7404804.89693061,
    7404804.89693061,
    7404804.89693061,
    7404804.89693061,
    7404804.89693061,
    7404804.89693061,
    7404804.89693061
  ],
  "delta_pulse": [
    0.0,
    0.0,
    0.0,
    0.0,
    0.0,
    0.0,
    0.0,
    0.0,
    0.0,
    0.0,
    0.0,
    0.0,
    0.0,
    0.0,
    0.0,
    0.0,
    0.0,
    0.0,
    0.0,
    0.0,
    0.0,
    0.0,
    0.0,
    0.0,
    0.0,
    0.0,
    0.0,
    0.0,
    0.0,
    0.0
  ]
}