{
  "mean_F": 0.8134651969510432,
  "F_05": 0.4710057937431288,
  "std_F": 0.16650856386691637,
  "method": "grape",
  "scenario": "C",
  "noiseless_F": 0.9999986491097143,
  "omega_pulse": [
    2221441.469079183,
    2221441.469079183,
    2221441.469079183,
    2221441.469079183,
    2221441.469079183,
    2221441.469079183,
    2221441.469079183,
    2221441.469079183,
    2221441.469079183,
    2221441.469079183,
    2221441.469079183,
    2221441.469079183,
    2221441.469079183,
    2221441.469079183,
    2221441.469079183,
    2221441.469079183,
    2221441.469079183,
    2221441.469079183,
    2221441.469079183,
    2221441.469079183,
    2221441.469079183,
    2221441.469079183,
    2221441.469079183,
    2221441.469079183,
    2221441.469079183,
    2221441.469079183,
    2221441.469079183,
    2221441.469079183,
    2221441.469079183,
    2221441.469079183,
    2221441.469079183,
    2221441.469079183,
    2221441.469079183,
    2221441.469079183,
    2221441.469079183,
    2221441.469079183,
    2221441.469079183,
    2221441.469079183,
    2221441.469079183,
    2221441.469079183,
    2221441.469079183,
    2221441.469079183,
    2221441.469079183,
    2221441.469079183,
    2221441.469079183,
    2221441.469079183,
    2221441.469079183,
    2221441.469079183,
    2221441.469079183,
    2221441.469079183,
    2221441.469079183,
    2221441.469079183,
    2221441.469079183,
    2221441.469079183,
    2221441.469079183,
    2221441.469079183,
    2221441.469079183,
    2221441.469079183,
    2221441.469079183,
    2221441.469079183
  ],
  "delta_pulse": [
    0.0,
    0.0,
    0.0,
    0.0,
    0.0,
    0.0,
    0.0,
    0.0,
    0.0,
    0.0,
    0.0,
    0.0,
    0.0,
    0.0,
    0.0,
    0.0,
    0.0,
    0.0,
    0.0,
    0.0,
    0.0,
    0.0,
    0.0,
    0.0,
    0.0,
    0.0,
    0.0,
    0.0,
    0.0,
    0.0,
    0.0,
    0.0,
    0.0,
    0.0,
    0.0,
    0.0,
    0.0,
    0.0,
    0.0,
    0.0,
    0.0,
    0.0,
    0.0,
    0.0,
    0.0,
    0.0,
    0.0,
    0.0,
    0.0,
    0.0,
    0.0,
    0.0,
    0.0,
    0.0,
    0.0,
    0.0,
    0.0,
    0.0,
    0.0,
    0.0
  ]
}