{
  "mean_F": 0.6781465912640009,
  "F_05": 0.14982034877329922,
  "std_F": 0.2299396700191794,
  "method": "grape",
  "scenario": "A",
  "noiseless_F": 0.9999999460406969,
  "omega_pulse": [
    444288.29381583654,
    444288.29381583654,
    444288.29381583654,
    444288.29381583654,
    444288.29381583654,
    444288.29381583654,
    444288.29381583654,
    444288.29381583654,
    444288.29381583654,
    444288.29381583654,
    444288.29381583654,
    444288.29381583654,
    444288.29381583654,
    444288.29381583654,
    444288.29381583654,
    444288.29381583654,
    444288.29381583654,
    444288.29381583654,
    444288.29381583654,
    444288.29381583654,
    444288.29381583654,
    444288.29381583654,
    444288.29381583654,
    444288.29381583654,
    444288.29381583654,
    444288.29381583654,
    444288.29381583654,
    444288.29381583654,
    444288.29381583654,
    444288.29381583654
  ],
  "delta_pulse": [
    0.0,
    0.0,
    0.0,
    0.0,
    0.0,
    0.0,
    0.0,
    0.0,
    0.0,
    0.0,
    0.0,
    0.0,
    0.0,
    0.0,
    0.0,
    0.0,
    0.0,
    0.0,
    0.0,
    0.0,
    0.0,
    0.0,
    0.0,
    0.0,
    0.0,
    0.0,
    0.0,
    0.0,
    0.0,
    0.0
  ]
}