{
  "doppler": {
    "mean_F": 0.9986629549536914,
    "std_F": 0.0015296124421276733,
    "infidelity": 0.0013370450463086048
  },
  "position": {
    "mean_F": 0.9999898306639422,
    "std_F": 9.043387060751791e-06,
    "infidelity": 1.0169336057797018e-05
  },
  "amplitude": {
    "mean_F": 0.9992551903205382,
    "std_F": 0.0013429720800567121,
    "infidelity": 0.0007448096794617776
  },
  "phase": {
    "mean_F": 0.9999910501733287,
    "std_F": 2.190950669615836e-06,
    "infidelity": 8.949826671322825e-06
  },
  "decay": {
    "mean_F": 0.9983917436682992,
    "std_F": 0.0,
    "infidelity": 0.001608256331700808
  },
  "all": {
    "mean_F": 0.9959667944990201,
    "std_F": 0.0019046470055225733,
    "infidelity": 0.004033205500979853
  },
  "noiseless": {
    "mean_F": 0.9999909468550146,
    "infidelity": 9.05314498544918e-06
  }
}