{
  "0.5": {
    "cmaes": 0.9914954121765553,
    "bc_fourier_oracle": 0.9979383965687947,
    "phase_c_estimated": 0.9937834578372763
  },
  "1.0": {
    "cmaes": 0.9904437149594786,
    "bc_fourier_oracle": 0.9977682579892209,
    "phase_c_estimated": 0.9933397087676105
  },
  "1.5": {
    "cmaes": 0.9885578967603138,
    "bc_fourier_oracle": 0.9975721093970529,
    "phase_c_estimated": 0.9925850590102795
  },
  "2.0": {
    "cmaes": 0.98529269531106,
    "bc_fourier_oracle": 0.9971633556165577,
    "phase_c_estimated": 0.9899468869930717
  },
  "3.0": {
    "cmaes": 0.9745357506863379,
    "bc_fourier_oracle": 0.9964362977189455,
    "phase_c_estimated": 0.9849443611534765
  },
  "5.0": {
    "cmaes": 0.924608456144851,
    "bc_fourier_oracle": 0.9904184686896437,
    "phase_c_estimated": 0.9422052390912641
  }
}