{
  "scenario": "C",
  "env_n_steps": 60,
  "n_traj": 200,
  "openloop_ppo": {
    "mean_F": 0.4954407457753912,
    "std_F": 0.11035134016377585,
    "F_05": 0.33935379540806276,
    "fidelities": [
      0.6071748431297425,
      0.3300630794246108,
      0.5313629616533082,
      0.35664636395771665,
      0.5748122657614616,
      0.3863007660290261,
      0.3423870758962392,
      0.6635035864686192,
      0.3608796212871537,
      0.36312883226426684,
      0.51678167063601,
      0.549952702568768,
      0.5684985710680261,
      0.5863273342661024,
      0.3452786727245888,
      0.3354633388326931,
      0.3829195812583377,
      0.34808809442343214,
      0.5125030323993287,
      0.45295359461763407,
      0.582360954421157,
      0.34475879109403784,
      0.5425220550213179,
      0.5108783969760516,
      0.4218143117056186,
      0.6464694455063305,
      0.5915278708563186,
      0.5735892014291519,
      0.3212261321618286,
      0.3607900066964367,
      0.39845031086681004,
      0.35473328282121963,
      0.605824801344962,
      0.577676627208602,
      0.5985010349283604,
      0.5030747840454614,
      0.3553311234255187,
      0.40215611766663206,
      0.36134757919398186,
      0.6578275838588129,
      0.6175470666456861,
      0.5607648374341707,
      0.5218863430178402,
      0.4220565973394913,
      0.4889313685263773,
      0.5122511246601024,
      0.4625554046398692,
      0.49906424058501836,
      0.635732708526552,
      0.45555474399947704,
      0.537818453826238,
      0.6032473919417969,
      0.5306461427333617,
      0.5839761606458669,
      0.6531364695671479,
      0.4561000732414256,
      0.6230419378098102,
      0.5045164593383441,
      0.4915764758015414,
      0.3120201766445939,
      0.3985641255595389,
      0.3797759676489343,
      0.38802668403051027,
      0.34543100949238004,
      0.5991588797811529,
      0.6838780904033042,
      0.3863384427068147,
      0.6243125037513071,
      0.3905382583085837,
      0.3681528893084861,
      0.44932128491571616,
      0.6255792431390365,
      0.6189033703597564,
      0.6199827818258978,
      0.6001807844238716,
      0.6006106211852288,
      0.5714609059386284,
      0.6556855293830102,
      0.4070161652130929,
      0.3268364569013251,
      0.39642969015733037,
      0.37769810639556634,
      0.5976409661542229,
      0.6455831616486625,
      0.6424777238365194,
      0.5529589068455081,
      0.46922008054736597,
      0.3591045559614118,
      0.6287010892743488,
      0.47787927284651704,
      0.5711344768985723,
      0.5933208712543387,
      0.6427278463355579,
      0.37091669420621637,
      0.36241721149525297,
      0.45385370205498543,
      0.638899599618376,
      0.40807099906735383,
      0.4799911454491043,
      0.37173820333427743,
      0.4940646233082283,
      0.6474749437611893,
      0.42070618008489435,
      0.4199062247740533,
      0.6333580571309262,
      0.4980613577112536,
      0.40817574951539026,
      0.40849337987861123,
      0.5222321365467488,
      0.6363993326210017,
      0.6130219820932027,
      0.41788083104930773,
      0.36637410432496786,
      0.5819128644213212,
      0.3518300130317482,
      0.35276717609617014,
      0.3520810624270886,
      0.4153160941761098,
      0.5709501439395047,
      0.4439473650346695,
      0.5209539735011071,
      0.6039485839386376,
      0.39272611427976145,
      0.5544474017750669,
      0.5490360761753093,
      0.356064747905645,
      0.6452457411070291,
      0.5582568541527086,
      0.4035319816971673,
      0.5068763594933177,
      0.5941021580801513,
      0.38498510502526356,
      0.6198929081626103,
      0.33737870154022104,
      0.3841181804386535,
      0.3864943524391825,
      0.540430208732623,
      0.3627135763186796,
      0.613194916105316,
      0.6416114075059416,
      0.3625141448151163,
      0.6178334921323358,
      0.49392284359812244,
      0.4366273856933318,
      0.3658029111564456,
      0.48808334618801447,
      0.6059779068024224,
      0.5859406132287274,
      0.3702205701478245,
      0.5863588808808199,
      0.5434231367733799,
      0.3394577477168965,
      0.48053865028964926,
      0.4172212772552132,
      0.34768012507069057,
      0.45418140348270475,
      0.6705875361194373,
      0.33587140902854573,
      0.35959557383870766,
      0.534003664171401,
      0.3682961209132821,
      0.3302287418773104,
      0.37469878440874793,
      0.463190835088753,
      0.3021739604999425,
      0.5123891352318002,
      0.30899299932925306,
      0.630854633518532,
      0.6050157007257967,
      0.4581443470610791,
      0.6289077796190066,
      0.6214612209655848,
      0.5886069809165455,
      0.6636964986143944,
      0.504862988425795,
      0.6024380456557219,
      0.4255040977495983,
      0.633463655256086,
      0.6100674538402477,
      0.6595682569500342,
      0.3839877580981822,
      0.6243255132962475,
      0.3427773734729793,
      0.6628413085914201,
      0.6223759665203658,
      0.36678019548253626,
      0.5885035669045202,
      0.508963836841407,
      0.38760299757849814,
      0.5260742852338596,
      0.5161819906572873,
      0.590326429898909,
      0.37970170402393116,
      0.5655412947070946,
      0.465996744506591,
      0.6395655478345887,
      0.6343177234454147,
      0.6688725150182706,
      0.4090756794045524,
      0.6261400237450683
    ]
  },
  "grape": {
    "mean_F": 0.8025265656996371,
    "std_F": 0.1631620764723189,
    "F_05": 0.5070530287489236,
    "noiseless_F": 0.9999986491097143,