{
  "scenario": "C",
  "n_traj": 200,
  "env_n_steps": 60,
  "noiseless_F": 0.9984133326144121,
  "closed_loop": {
    "mean_F": 0.989825139993761,
    "std_F": 0.011406115026021976,
    "F_05": 0.9755721206714602,
    "fidelities": [
      0.9943651250230314,
      0.99106205717663,
      0.9910386937287368,
      0.9889110789860456,
      0.9955318236646723,
      0.9961326965972599,
      0.987048512443488,
      0.9860405026979235,
      0.9952840812151384,
      0.9880463940962187,
      0.9963320966908649,
      0.9952365269464869,
      0.9910645623113108,
      0.9957266575739923,
      0.9834112150857486,
      0.9959018420506802,
      0.9888564550564629,
      0.9860124640803667,
      0.9962954603275161,
      0.9922432175322887,
      0.9947008249549353,
      0.9892991340444379,
      0.9647953899578424,
      0.989831837008085,
      0.9942414908819306,
      0.9835953547845173,
      0.9848523836237154,
      0.9963750768464129,
      0.9921345413552898,
      0.9743561424230058,
      0.9768648548508797,
      0.9957839729711729,
      0.9817672081863934,
      0.9791360474303266,
      0.992572097061937,
      0.9946474629243267,
      0.9910613282772229,
      0.9960690864966826,
      0.9832867324172055,
      0.9931344382634448,
      0.996026530647865,
      0.9873341938039528,
      0.9789623282372156,
      0.9956898682177078,
      0.9949335280642606,
      0.9962775134852933,
      0.9939826255891706,
      0.994929298966974,
      0.9961407165504612,
      0.9827845923359331,
      0.9877429165455027,
      0.9949240932850667,
      0.9867094960793436,
      0.9925141334594444,
      0.9920327457748257,
      0.9912854407508886,
      0.9959030212887447,
      0.9871552342689449,
      0.9838102383194484,
      0.9959386305203635,
      0.9788111748298209,
      0.9963630869086454,
      0.9860362357621852,
      0.9954150230685783,
      0.9955271791344169,
      0.9802938908015414,
      0.9959824152548709,
      0.991687169185292,
      0.9949109515268593,
      0.9957876390096165,
      0.9945092591975948,
      0.9945890258308789,
      0.9959664188189492,
      0.9961216368956899,
      0.9941580659681298,
      0.9839844110485947,
      0.9822109836728647,
      0.994778739801403,
      0.9698274714669862,
      0.9909805891461249,
      0.9920590959389817,
      0.995244428248726,
      0.9844172938606113,
      0.9962148470851,
      0.9900459395925025,
      0.9727964678311947,
      0.9959075250552507,
      0.9934650763803645,
      0.9936015795823848,
      0.9909680398268604,
      0.9889981971802966,
      0.9959808178407641,
      0.9617288396161364,
      0.9958888354570427,
      0.9917832137250633,
      0.9938127469153655,
      0.9890173515643876,
      0.9950978457180398,
      0.9901098745082879,
      0.9959231751496401,
      0.9900400834014798,
      0.9867012766403295,
      0.9958921833874095,
      0.995715039600329,
      0.9898907999468556,
      0.9935753962499801,
      0.9772535056315558,
      0.990444563329401,
      0.9902033960618024,
      0.9948552861581488,
      0.9950184470312522,
      0.9952626482243733,
      0.993025149406886,
      0.9907063028138032,
      0.989470546091641,
      0.9760573210959828,
      0.9899626241222833,
      0.9836636730734675,
      0.9936436771372741,
      0.9769740173300707,
      0.9793773273359678,
      0.9926108592645533,
      0.9949210387939582,
      0.9910064705086332,
      0.975636119526642,
      0.99070116572774,
      0.9963194803640127,
      0.9873354377299988,
      0.9965131840686581,
      0.9767534008028711,
      0.9935325257753173,
      0.9948178314576411,
      0.9865518124095944,
      0.995554167366406,
      0.9942486535993621,
      0.9951973017403583,
      0.9961898715270603,
      0.9961281784473579,
      0.9960773143947375,
      0.9804740483071172,
      0.995293340983693,
      0.9909940067689871,
      0.9939163751178299,
      0.9832358161903196,
      0.9930032962162706,
      0.995777754672794,
      0.9963381373337394,
      0.9936001671769962,
      0.9932128947081251,
      0.9915823267852483,
      0.965909231362602,
      0.9921695318562561,
      0.9958385009413551,
      0.994421972682823,
      0.980482465529702,
      0.9927579818927607,
      0.9962344838953832,
      0.9853397325251773,
      0.9957814720148328,
      0.9966310401644638,
      0.9931581580068369,
      0.9953835654554506,
      0.9632781712741718,
      0.9838915867260687,
      0.989798814484813,
      0.988749194583667,
      0.993744047672753,
      0.9713258403243018,
      0.995999443997976,
      0.9920544362760155,
      0.9963233601869266,
      0.8637561251841659,
      0.9963628215699324,
      0.9947587505301507,
      0.9942817037946976,
      0.9866998762476917,
      0.9944816156350973,
      0.9931750314729011,
      0.9926500141271944,
      0.9943004543319438,
      0.9936958573671548,
      0.9934533048847678,
      0.9958045313469224,
      0.9946520198112286,
      0.9936908483637051,
      0.9959730859881386,
      0.9940130288071439,
      0.9961208688291558,
      0.9962087278305338,
      0.9915917434829116,
      0.9936688515722698,
      0.9943878189400719,
      0.9952501799326771,
      0.9883456719782528,
      0.9935631159704019,
      0.9965214356352979,
      0.966362806578035,
      0.9921427836802955,
      0.9899808496218578,
      0.9954782289048714
    ]
  },
  "open_loop_noiseless_ref": {
    "mean_F": 0.8158262198390489,
    "std_F": 0.12500472477831867,
    "F_05": 0.6094018187412454,