{
  "n_traj": 200,
  "use_noise": true,
  "scenario": "B",
  "mean_fidelity": 0.8467317888823619,
  "std_fidelity": 0.003764623721589131,
  "median_fidelity": 0.8456840156566092,
  "max_fidelity": 0.8640778496233108,
  "min_fidelity": 0.8417217569161297,
  "fidelities": [
    0.8482800087866296,
    0.848745821775466,
    0.8424497379121858,
    0.8507010753452116,
    0.8435041481581329,
    0.8504108122191871,
    0.851569593118839,
    0.8526323551150261,
    0.8488253912073737,
    0.8487458124095737,
    0.8474500656674415,
    0.8485810621293871,
    0.843512139933741,
    0.8492149292021328,
    0.8474468077996282,
    0.8526045478741436,
    0.8442694380215556,
    0.8480347783258765,
    0.8468918499434523,
    0.8456911079869812,
    0.8524530914790398,
    0.8455785777083444,
    0.846841416571293,
    0.8448050230477937,
    0.8452453018511876,
    0.8494537194571741,
    0.846936894843489,
    0.8478223255734731,
    0.8444799419509081,
    0.8475980339206244,
    0.8457058906159866,
    0.8443936490020387,
    0.8495367439830304,
    0.8445335662419287,
    0.8452964377085073,
    0.8518233008413079,
    0.8430061535014022,
    0.8438578693415235,
    0.845134860055872,
    0.8425353893951353,
    0.8418991981565704,
    0.846475722544517,
    0.8505380084417818,
    0.8428797545809323,
    0.8456769233262373,
    0.8417217569161297,
    0.8457848738032161,
    0.84397892604135,
    0.8430099167389817,
    0.8478180647389816,
    0.8488884711203774,
    0.845457364010616,
    0.8485879710433135,
    0.8519821652613673,
    0.8432143378326941,
    0.8467316828012466,
    0.8445834211272539,
    0.8500837308059355,
    0.8424820898829899,
    0.8461506853154064,
    0.8431759371750417,
    0.8444189903927366,
    0.8429482191583755,
    0.8418502941737027,
    0.8440194486675678,
    0.8424430082886776,
    0.852079769416215,
    0.8517728867264551,
    0.8460206075910435,
    0.8502576252003808,
    0.8442462868079637,
    0.8446708307356809,
    0.8447170500491974,
    0.8515070248209959,
    0.8446170507949642,
    0.8428309219812301,
    0.8458762407764329,
    0.8439744979496002,
    0.8437319567257262,
    0.849969199647574,
    0.8467192452488725,
    0.8450954927038326,
    0.8479651200646814,
    0.8419493782613947,
    0.8430938262925016,
    0.8439076691305203,
    0.844964988105803,
    0.843028415481142,
    0.8453465300597593,
    0.8462382783865688,
    0.8459870317755842,
    0.8443350086014149,
    0.8447592090279803,
    0.8516696205909466,
    0.8421786688049269,
    0.8452979786074268,
    0.8453608116294817,
    0.8442310136296295,
    0.8418300286350895,
    0.8461548651023995,
    0.8440985823991923,
    0.8523693598851824,
    0.8528525871922426,
    0.8526451455919704,
    0.8475150158213158,
    0.8444184771438836,
    0.8470278006241229,
    0.8453352020902847,
    0.8451552687671974,
    0.8444388680918802,
    0.8488254164154737,
    0.8495057483474372,
    0.8445086434237512,
    0.8423204713009897,
    0.846358273109656,
    0.8434978758941925,
    0.847052597984546,
    0.8433565039124533,
    0.8435828764380245,
    0.8452586122566278,
    0.8447089674216918,
    0.8450618855687795,
    0.8431891641310348,
    0.851382604193015,
    0.8503806879446598,
    0.841793397535478,
    0.8489761623044326,
    0.849976920244308,
    0.8451571955513022,
    0.8526830430161937,
    0.8439479058928399,
    0.8516887061807222,
    0.8470088115939327,
    0.8594903965021489,
    0.8456984129594677,
    0.8488173323911921,
    0.8632026153257943,
    0.8452140130756092,
    0.843460203209174,
    0.8440933054394036,
    0.8433769028455065,
    0.8460333471139887,
    0.8518479268132548,
    0.8455638491621252,
    0.8418560109578407,
    0.8439625869329944,
    0.8524926386323992,
    0.842440026845802,
    0.8515851016904166,
    0.8438709440560481,
    0.8453586229783494,
    0.8435959256364344,
    0.8609054072182272,
    0.8424240479235854,
    0.8640778496233108,
    0.8498182980362494,
    0.8438094081647397,
    0.8479028746608864,
    0.8435548409475254,
    0.8465078384578644,
    0.8457071288431566,
    0.8490042315590047,
    0.8511003678241333,
    0.8451573519348548,
    0.8482770163079566,
    0.8487367742561772,
    0.8456608373298656,
    0.8507205547347665,
    0.8440521779014195,
    0.8448615605121472,
    0.8445441994262228,
    0.8439975561322769,
    0.8461448770393447,
    0.8442016219494808,
    0.8499562220329114,
    0.8455117757734318,
    0.8527086061725471,
    0.8504921622294136,
    0.8511146269229601,
    0.84721601525938,
    0.8467816420811225,
    0.841833254029061,
    0.8469376087113343,
    0.84811056511379,
    0.8443080682861449,
    0.8491125267650029,
    0.8467893010668643,
    0.8447633338438616,
    0.8463450751102813,
    0.8563176781959889,
    0.8504579426825566,
    0.843651827145744,
    0.8458633794251478,
    0.8431626406222785,
    0.8443463293513993,
    0.8516722447663687,
    0.844057249366255,
    0.8442868798582173,
    0.8445317807355255,
    0.8470375175734105
  ],
  "best_seed_final_fidelity": 0.9795976668863304
}