{
  "0.5": {
    "mean_F": 0.995503772017496,
    "std_F": 0.0006314833747178251
  },
  "1.0": {
    "mean_F": 0.9947537887870841,
    "std_F": 0.001449595130206857
  },
  "1.5": {
    "mean_F": 0.9939108454871928,
    "std_F": 0.0023466347485567142
  },
  "2.0": {
    "mean_F": 0.9919878964268805,
    "std_F": 0.004857603082136676
  },
  "3.0": {
    "mean_F": 0.9870478214429608,
    "std_F": 0.010658316643030626
  },
  "5.0": {
    "mean_F": 0.9609460755073809,
    "std_F": 0.04060493336659311
  }
}