{
  "omega": [
    10987380.07378524,
    51624092.98898666,
    57805304.8260522,
    40720856.3304027,
    32426637.49019179,
    17578078.494796917,
    5358085.161525255,
    0.0,
    0.0,
    0.0,
    0.0,
    0.0,
    0.0,
    0.0,
    0.0,
    0.0,
    0.0,
    0.0,
    0.0,
    0.0,
    0.0,
    0.0,
    0.0,
    0.0,
    0.0,
    0.0,
    0.0,
    0.0,
    0.0,
    0.0
  ],
  "delta": [
    -13112730.454076106,
    558284.4665100742,
    -19101344.262096085,
    28902652.4130261,
    -28902652.4130261,
    20832459.407759577,
    -7617720.804218595,
    4779871.158383128,
    -4930604.20770766,
    4340283.703115439,
    -1723859.7507843166,
    -1203899.187690648,
    3721933.912828676,
    -5106089.905834799,
    4742102.405460111,
    -2651922.8977384022,
    -194126.68481162863,
    2960080.088757751,
    -4875733.890943294,
    5048471.831003851,
    -3448317.9357118174,
    842328.896116695,
    2097435.225613197,
    -4450251.306628668,
    5159501.068315532,
    -4118635.6694697347,
    1843863.6698406583,
    1159471.751299309,
    -3846767.8349848907,
    5072356.653395147
  ],
  "final_fidelity": 0.9978228895493069,
  "scenario": "B",
  "T_gate": 3e-07,
  "Omega_max": 28902652.4130261
}