{
  "method": "ppo",
  "scenario": "B",
  "mean_F": 0.9901107139295743,
  "std_F": 0.005314143216120133,
  "F_05": 0.9806645954942496,
  "n_trajectories": 200
}