{
  "method": "ppo",
  "scenario": "A",
  "mean_F": 0.692950247677537,
  "std_F": 0.17880505712945774,
  "F_05": 0.3265995146929893,
  "n_trajectories": 100
}