{
  "P_gg": [
    1.0,
    0.9939847404611968,
    0.8166894483465259,
    0.43652749616725744,
    0.1776120123943242,
    0.04210436260455977,
    0.0069708785475873945,
    0.002141572866009946,
    0.002141572866009946,
    0.002141572866009946,
    0.002141572866009946,
    0.002141572866009946,
    0.002141572866009946,
    0.002141572866009946,
    0.002141572866009946,
    0.002141572866009946,
    0.002141572866009946,
    0.002141572866009946,
    0.002141572866009946,
    0.002141572866009946,
    0.002141572866009946,
    0.002141572866009946,
    0.002141572866009946,
    0.002141572866009946,
    0.002141572866009946,
    0.002141572866009946,
    0.002141572866009946,
    0.002141572866009946,
    0.002141572866009946,
    0.002141572866009946,
    0.002141572866009946
  ],
  "P_W": [
    0.0,
    0.0060151099387471185,
    0.18317943520471697,
    0.5630558560893947,
    0.8221997058467402,
    0.9576922640907706,
    0.9929342947620149,
    0.997822889549307,
    0.997822889549307,
    0.997822889549307,
    0.997822889549307,
    0.997822889549307,
    0.997822889549307,
    0.997822889549307,
    0.997822889549307,
    0.997822889549307,
    0.997822889549307,
    0.997822889549307,
    0.997822889549307,
    0.997822889549307,
    0.997822889549307,
    0.997822889549307,
    0.997822889549307,
    0.997822889549307,
    0.997822889549307,
    0.997822889549307,
    0.997822889549307,
    0.997822889549307,
    0.997822889549307,
    0.997822889549307,
    0.997822889549307
  ],
  "P_rr": [
    0.0,
    1.496000560719831e-07,
    0.0001311164487571128,
    0.00041664774334789146,
    0.00018828175893578186,
    0.0002033733046693867,
    9.482669039749544e-05,
    3.553758468295328e-05,
    3.553758468295328e-05,
    3.553758468295328e-05,
    3.553758468295328e-05,
    3.553758468295328e-05,
    3.553758468295328e-05,
    3.553758468295328e-05,
    3.553758468295328e-05,
    3.553758468295328e-05,
    3.553758468295328e-05,
    3.553758468295328e-05,
    3.553758468295328e-05,
    3.553758468295328e-05,
    3.553758468295328e-05,
    3.553758468295328e-05,
    3.553758468295328e-05,
    3.553758468295328e-05,
    3.553758468295328e-05,
    3.553758468295328e-05,
    3.553758468295328e-05,
    3.553758468295328e-05,
    3.553758468295328e-05,
    3.553758468295328e-05,
    3.553758468295328e-05
  ],
  "t": [
    0.0,
    1e-08,
    2e-08,
    3.0000000000000004e-08,
    4e-08,
    5e-08,
    6.000000000000001e-08,
    7e-08,
    8e-08,
    9e-08,
    1e-07,
    1.1e-07,
    1.2000000000000002e-07,
    1.3e-07,
    1.4e-07,
    1.5e-07,
    1.6e-07,
    1.7000000000000001e-07,
    1.8e-07,
    1.9e-07,
    2e-07,
    2.1e-07,
    2.2e-07,
    2.3e-07,
    2.4000000000000003e-07,
    2.5e-07,
    2.6e-07,
    2.7e-07,
    2.8e-07,
    2.9000000000000003e-07,
    3e-07
  ],
  "final_fidelity": 0.9978228895493069,
  "scenario": "B"
}