{
  "0.5": {
    "mean_F": 0.9940960241253441,
    "std_F": 0.003135318091509463
  },
  "1.0": {
    "mean_F": 0.9921428664660015,
    "std_F": 0.005867554912266555
  },
  "1.5": {
    "mean_F": 0.9910576205826065,
    "std_F": 0.0066251048698782915
  },
  "2.0": {
    "mean_F": 0.9894137099124646,
    "std_F": 0.008209377558962587
  },
  "3.0": {
    "mean_F": 0.9869946367432815,
    "std_F": 0.010237282878256895
  },
  "5.0": {
    "mean_F": 0.9663842750400558,
    "std_F": 0.0605522555727547
  }
}