{
  "time_us": [
    0.0,
    0.016666666666666666,
    0.03333333333333333,
    0.05,
    0.06666666666666667,
    0.08333333333333333,
    0.1,
    0.11666666666666667,
    0.13333333333333333,
    0.15,
    0.16666666666666666,
    0.18333333333333332,
    0.2,
    0.21666666666666665,
    0.23333333333333334,
    0.25,
    0.26666666666666666,
    0.2833333333333334,
    0.3,
    0.3166666666666666,
    0.3333333333333333,
    0.35,
    0.36666666666666664,
    0.38333333333333336,
    0.4,
    0.41666666666666663,
    0.4333333333333333,
    0.44999999999999996,
    0.4666666666666667,
    0.4833333333333333,
    0.5,
    0.5166666666666666,
    0.5333333333333333,
    0.5499999999999999,
    0.5666666666666668,
    0.5833333333333333,
    0.6,
    0.6166666666666667,
    0.6333333333333332,
    0.65,
    0.6666666666666666,
    0.6833333333333333,
    0.7,
    0.7166666666666666,
    0.7333333333333333,
    0.7499999999999999,
    0.7666666666666667,
    0.7833333333333333,
    0.8,
    0.8166666666666667,
    0.8333333333333333,
    0.85,
    0.8666666666666666,
    0.8833333333333334,
    0.8999999999999999,
    0.9166666666666665,
    0.9333333333333333,
    0.95,
    0.9666666666666666,
    0.9833333333333334,
    1.0
  ],
  "gg": [
    1.0,
    0.6109154589810619,
    0.11938600501105705,
    0.379052136606457,
    0.9060292567202307,
    0.8431696035462918,
    0.36288266469776065,
    0.29928416934766766,
    0.7435603625057099,
    0.936048600547071,
    0.5670724970433483,
    0.27966643747656417,
    0.5729693788251734,
    0.8924288063872774,
    0.7080982065781919,
    0.39575972187030617,
    0.49785267876208067,
    0.8046209552175525,
    0.7968454385102554,
    0.5251060418426282,
    0.4613335818942532,
    0.7162819398087447,
    0.8471813456367601,
    0.6266983608340949,
    0.43774663884549275,
    0.6084792207192019,
    0.8156711507200132,
    0.7069430727661429,
    0.500254698933117,
    0.5545624895658644,
    0.7609123818652725,
    0.7646838669745368,
    0.5750531149604504,
    0.5213526364328367,
    0.6968439950503597,
    0.7967505500510331,
    0.6475644678726918,
    0.5083779194012072,
    0.6209163773237885,
    0.7521362765315249,
    0.6806878275826099,
    0.5695986079765302,
    0.6117975745491224,
    0.7110339322037901,
    0.6975822385221814,
    0.618568486981864,
    0.6112162248982601,
    0.6665351445992388,
    0.6788124374364188,
    0.6490398495854128,
    0.6303556446633146,
    0.6084564641108889,
    0.5688072525805984,
    0.5144278209441948,
    0.4245970658753488,
    0.28885603543575755,
    0.23978960428335722,
    0.17336798783101162,
    0.02891944151795083,
    0.001267858886058215,
    0.001267858886058215
  ],
  "gr": [
    0.0,
    0.19441597851563827,
    0.44001955763364414,
    0.31026850027617114,
    0.04695675002170218,
    0.07836068294226703,
    0.3183549333755995,
    0.350138096462394,
    0.12813909969492251,
    0.031951543868720844,
    0.21632747972210842,
    0.359942817300435,
    0.21337810651571662,
    0.0537454460367985,
    0.14585187880804967,
    0.3019356785248717,
    0.25092165462352706,
    0.09762229432222566,
    0.10150261462413315,
    0.23730289644081248,
    0.2691737836802701,
    0.1417637477574738,
    0.07635075611661785,
    0.18653921018311725,
    0.2809597146414661,
    0.19562962146558419,
    0.09209178210686599,
    0.14643664877217302,
    0.2497285518788635,
    0.22257608889093913,
    0.11945136667901853,
    0.11758011194319855,
    0.2123537406277566,
    0.2391734860758757,
    0.1514632512192743,
    0.10155398072782561,
    0.1761206850417795,
    0.2456575122832183,
    0.18940061470788472,
    0.12383854175892234,
    0.15956488035211872,
    0.21507487912686432,
    0.19396302114772343,
    0.14437112359681126,
    0.15111709306785662,
    0.19060941284467428,
    0.19425886598837686,
    0.1666023832897036,
    0.16048723046762656,
    0.17538478122298629,
    0.1847039759183968,
    0.19562100914695368,
    0.21543169949460497,
    0.2426201544737393,
    0.2875176881946736,
    0.3553490456537642,
    0.3798824400588155,
    0.41310199960598154,
    0.4853614434509014,
    0.4992066653868786,
    0.4992066653868786
  ],
  "rg": [
    0.0,
    0.1944159785156383,
    0.44001955763364436,
    0.3102685002761716,
    0.046956750021702444,
    0.07836068294226683,
    0.31835493337559917,
    0.35013809646239397,
    0.12813909969492251,
    0.031951543868720775,
    0.21632747972210822,
    0.3599428173004349,
    0.21337810651571673,
    0.0537454460367986,
    0.14585187880804978,
    0.301935678524872,
    0.25092165462352756,
    0.09762229432222574,
    0.10150261462413272,
    0.23730289644081193,
    0.2691737836802699,
    0.1417637477574739,
    0.076350756116618,
    0.18653921018311723,
    0.280959714641466,
    0.19562962146558424,
    0.09209178210686617,
    0.1464366487721733,
    0.24972855187886384,
    0.2225760888909394,
    0.11945136667901833,
    0.11758011194319798,
    0.21235374062775603,
    0.23917348607587546,
    0.1514632512192744,
    0.10155398072782576,
    0.17612068504177947,
    0.24565751228321822,
    0.1894006147078848,
    0.12383854175892256,
    0.15956488035211913,
    0.21507487912686474,
    0.19396302114772357,
    0.1443711235968107,
    0.15111709306785587,
    0.19060941284467378,
    0.19425886598837694,
    0.1666023832897041,
    0.16048723046762703,
    0.17538478122298662,
    0.1847039759183968,
    0.19562100914695377,
    0.215431699494605,
    0.2426201544737393,
    0.28751768819467344,
    0.35534904565376435,
    0.37988244005881566,
    0.41310199960598176,
    0.48536144345090176,
    0.49920666538687924,
    0.49920666538687924
  ],
  "rr": [
    0.0,
    0.00025258398766158074,
    0.0005748797216545186,
    0.00041086284120029606,
    5.724323636473167e-05,
    0.00010903056917444102,
    0.00040746855104074566,
    0.00043963772754448174,
    0.00016143810444511314,
    4.831171548725541e-05,
    0.00027254351243516975,
    0.00044792792256585713,
    0.00027440814339331954,
    8.03015391254144e-05,
    0.00019803580570864411,
    0.0003689210799500941,
    0.0003040119908648911,
    0.0001344561379962016,
    0.00014933224147888264,
    0.00028816527574745005,
    0.00031885074520686586,
    0.00019056467630752466,
    0.00011714213000405186,
    0.00022321879967059948,
    0.0003339318715751127,
    0.0002615363496296416,
    0.00014528506625471175,
    0.0001836296895109727,
    0.0002881973091557301,
    0.00028533265225704147,
    0.00018488477669065893,
    0.00015590913906669303,
    0.00023940378403683582,
    0.000300391415412104,
    0.0002295025110917069,
    0.00014148849331557518,
    0.00019416204374929136,
    0.00030705603235616787,
    0.0002823932604421288,
    0.0001866399506302377,
    0.00018241171315228362,
    0.00025163376974076274,
    0.00027638315543046163,
    0.00022382060258792374,
    0.0001835753421062537,
    0.00021268732878799353,
    0.00026604312498613325,
    0.00026008882135353397,
    0.0002131016283276173,
    0.00019058796861425392,
    0.00023640349989167834,
    0.0003015175952036725,
    0.0003293484301916676,
    0.00033187010832666264,
    0.0003675577353040918,
    0.0004458732567139214,
    0.0004455155990116708,
    0.0004280129570252363,
    0.00035767158024603394,
    0.00031881034018395955,
    0.00031881034018395955
  ]
}