{
  "method": "ppo",
  "scenario": "C",
  "mean_F": 0.8140898773268472,
  "std_F": 0.19034747269835534,
  "F_05": 0.3604323858541399,
  "n_trajectories": 200
}