{
  "time_us": [
    0.0,
    0.016666666666666666,
    0.03333333333333333,
    0.05,
    0.06666666666666667,
    0.08333333333333333,
    0.1,
    0.11666666666666667,
    0.13333333333333333,
    0.15,
    0.16666666666666666,
    0.18333333333333332,
    0.2,
    0.21666666666666665,
    0.23333333333333334,
    0.25,
    0.26666666666666666,
    0.2833333333333334,
    0.3,
    0.3166666666666666,
    0.3333333333333333,
    0.35,
    0.36666666666666664,
    0.38333333333333336,
    0.4,
    0.41666666666666663,
    0.4333333333333333,
    0.44999999999999996,
    0.4666666666666667,
    0.4833333333333333,
    0.5,
    0.5166666666666666,
    0.5333333333333333,
    0.5499999999999999,
    0.5666666666666668,
    0.5833333333333333,
    0.6,
    0.6166666666666667,
    0.6333333333333332,
    0.65,
    0.6666666666666666,
    0.6833333333333333,
    0.7,
    0.7166666666666666,
    0.7333333333333333,
    0.7499999999999999,
    0.7666666666666667,
    0.7833333333333333,
    0.8,
    0.8166666666666667,
    0.8333333333333333,
    0.85,
    0.8666666666666666,
    0.8833333333333334,
    0.8999999999999999,
    0.9166666666666665,
    0.9333333333333333,
    0.95,
    0.9666666666666666,
    0.9833333333333334
  ],
  "omega_MHz": [
    9.200000000000001,
    9.200000000000001,
    9.200000000000001,
    9.200000000000001,
    9.200000000000001,
    9.200000000000001,
    9.200000000000001,
    9.200000000000001,
    9.200000000000001,
    9.200000000000001,
    9.200000000000001,
    9.200000000000001,
    9.200000000000001,
    9.200000000000001,
    9.200000000000001,
    9.200000000000001,
    9.200000000000001,
    9.200000000000001,
    9.200000000000001,
    9.200000000000001,
    9.200000000000001,
    9.200000000000001,
    9.200000000000001,
    9.200000000000001,
    9.200000000000001,
    9.200000000000001,
    9.200000000000001,
    9.200000000000001,
    9.200000000000001,
    9.200000000000001,
    9.200000000000001,
    9.200000000000001,
    9.200000000000001,
    9.200000000000001,
    9.200000000000001,
    9.200000000000001,
    9.200000000000001,
    9.200000000000001,
    9.171249341964723,
    9.200000000000001,
    9.200000000000001,
    9.200000000000001,
    9.200000000000001,
    9.200000000000001,
    9.200000000000001,
    9.200000000000001,
    9.200000000000001,
    9.200000000000001,
    9.200000000000001,
    9.200000000000001,
    9.200000000000001,
    9.200000000000001,
    9.200000000000001,
    9.131461238861085,
    7.440404891967774,
    1.5190102815628055,
    1.4220526218414307,
    3.7312191903591154,
    1.8824135541915896,
    0.0
  ],
  "delta_MHz": [
    -4.6000000000000005,
    -4.6000000000000005,
    -4.6000000000000005,
    -0.4861540988087655,
    -4.6000000000000005,
    -4.6000000000000005,
    -4.6000000000000005,
    -3.5917155742645264,
    -4.442202043533325,
    -4.6000000000000005,
    -4.6000000000000005,
    -4.6000000000000005,
    -1.8860811412334444,
    -4.6000000000000005,
    -4.6000000000000005,
    -4.6000000000000005,
    -3.1468445181846625,
    -4.6000000000000005,
    -4.6000000000000005,
    -4.6000000000000005,
    -4.6000000000000005,
    -4.6000000000000005,
    -4.6000000000000005,
    -4.6000000000000005,
    -4.6000000000000005,
    -3.4314077615737917,
    -4.6000000000000005,
    -4.6000000000000005,
    -4.6000000000000005,
    -4.024976420402528,
    -4.6000000000000005,
    -4.6000000000000005,
    -4.6000000000000005,
    -4.6000000000000005,
    -4.6000000000000005,
    -4.6000000000000005,
    -4.6000000000000005,
    -4.6000000000000005,
    -3.115588390827179,
    -4.6000000000000005,
    -4.6000000000000005,
    -4.6000000000000005,
    -3.7546999454498295,
    -4.6000000000000005,
    -4.6000000000000005,
    -4.6000000000000005,
    -3.8322806596755985,
    -4.2051664948463445,
    -4.6000000000000005,
    -4.268404233455659,
    -2.9983051180839544,
    -2.5398889541625977,
    -0.9489117532968522,
    1.032996255159378,
    4.6000000000000005,
    4.6000000000000005,
    4.6000000000000005,
    4.6000000000000005,
    3.1860231161117554,
    3.0307893037796023
  ]
}