{
  "total_timesteps": 1000000,
  "n_seeds": 2,
  "use_curriculum": true,
  "seeds": [
    {
      "seed": 42,
      "wall_time": 12651.453502537683,
      "n_episodes": 1000448,
      "final_mean_fidelity": 0.980845186038629
    },
    {
      "seed": 153,
      "wall_time": 13737.511675588787,
      "n_episodes": 1000448,
      "final_mean_fidelity": 0.9721057056408344
    }
  ]
}