{
  "method": "ppo",
  "scenario": "C",
  "mean_F": 0.9895331689575833,
  "std_F": 0.007864740647099883,
  "F_05": 0.9707232385512008,
  "n_trajectories": 200
}