{
  "delta_pct": [
    0,
    1,
    2,
    3,
    4,
    5
  ],
  "stirap": [
    0.8541111359443367,
    0.8500329924647607,
    0.8522326086562323,
    0.8517259876171235,
    0.8510153779436149,
    0.8440916755381275
  ],
  "grape": [
    0.81663023574419,
    0.8155696735140129,
    0.8136012427060904,
    0.8099896699813196,
    0.8125786347135011,
    0.8068772155914559
  ],
  "ppo": [
    0.7835649193341747,
    0.790444187705748,
    0.8125935858398767,
    0.7966842666596687,
    0.806221074637294,
    0.7888172470545086
  ]
}