{
  "delta_pct": [
    0,
    1,
    2,
    3,
    4,
    5
  ],
  "stirap": [
    0.8533487761772033,
    0.8547271731185367,
    0.8525841629711536,
    0.8491328723409036,
    0.848439236674186,
    0.8446786494136984
  ],
  "grape": [
    0.8179344804179158,
    0.818714577715884,
    0.8165862459031846,
    0.8125183099631554,
    0.814782176539843,
    0.8114529161116892
  ],
  "ppo": [
    0.9901912655950169,
    0.9901625808063951,
    0.9893225856400835,
    0.9890693927645939,
    0.9895529154456455,
    0.9890029238275193
  ]
}