{
  "delta_pct": [
    0,
    1,
    2,
    3,
    4,
    5
  ],
  "stirap": [
    0.9960763910630129,
    0.9959270924100135,
    0.9951898266423513,
    0.9938007968740763,
    0.9910248406598893,
    0.9902756494247451
  ],
  "grape": [
    0.9959980522467281,
    0.9953377184643218,
    0.9949436113923888,
    0.9936669889306821,
    0.9911726761526708,
    0.9899916686125377
  ],
  "ppo": [
    0.990125570107821,
    0.9897844843056223,
    0.9895333173066919,
    0.989306137328639,
    0.9891313221199353,
    0.9890745652817151
  ]
}