{
  "method": "stirap",
  "scenario": "B",
  "mean_F": 0.9963788655590855,
  "F_05": 0.9927353875298843,
  "std_F": 0.0017576797942268744,
  "n_trajectories": 100
}