{
  "method": "stirap",
  "scenario": "A",
  "mean_F": 0.7395029997031405,
  "F_05": 0.20418356907106963,
  "std_F": 0.21870136601565426,
  "n_trajectories": 100
}