{
  "description": "Unified comparison, all eval with seed=50000+i",
  "noise_levels": [
    0.5,
    1.0,
    1.5,
    2.0,
    3.0,
    5.0
  ],
  "methods": {
    "grape": {
      "fair": true,
      "results": {
        "0.5": 0.9770710320497542,
        "1.0": 0.9595140438790637,
        "1.5": 0.9319667430216704,
        "2.0": 0.8905817954457413,
        "3.0": 0.7941383810817919,
        "5.0": 0.580291332531058
      }
    },
    "cmaes_per_alpha": {
      "fair": true,
      "results": {
        "0.5": 0.9926277485783208,
        "1.0": 0.9936462431132246,
        "1.5": 0.9781555182873345,
        "2.0": 0.9769175870926204,
        "3.0": 0.9582536701563404,
        "5.0": 0.9099477133440926
      }
    },
    "ppo_closed_loop": {
      "fair": true,
      "results": {
        "0.5": 0.9848544574813684,
        "1.0": 0.9848040385376526,
        "1.5": 0.980363631269823,
        "2.0": 0.9675994323345191,
        "3.0": 0.9751114139200027
      }
    },
    "dnaac_phase_c": {
      "fair": true,
      "results": {
        "0.5": 0.9901982566769475,
        "1.0": 0.9900778972263907,
        "1.5": 0.9902791826080911,
        "2.0": 0.9895698391689055,
        "3.0": 0.9875593993847438,
        "5.0": 0.9679223920850479
      }
    },
    "ppo_openloop_fair": {
      "fair": true,
      "results": {
        "0.5": 0.995503772017496,
        "1.0": 0.9947537887870841,
        "1.5": 0.9939108454871928,
        "2.0": 0.9919878964268805,
        "3.0": 0.9870478214429608,
        "5.0": 0.9609460755073809
      }
    },
    "naac_v3": {
      "fair": true,
      "results": {
        "0.5": 0.8778081031675538,
        "1.0": 0.8586883721677881,
        "1.5": 0.8429820246152405,
        "2.0": 0.8199912561242781,
        "3.0": 0.7706211720946464,
        "5.0": 0.6439841305812795
      }
    },
    "bc_fourier_oracle": {
      "fair": false,
      "results": {
        "0.5": 0.997950515044534,
        "1.0": 0.9977955844446413,
        "1.5": 0.9975779026094017,
        "2.0": 0.9972671983213134,
        "3.0": 0.9965900770766075,
        "5.0": 0.9942600041828759
      }
    },
    "dnaac_phase_b": {
      "fair": false,
      "results": {
        "0.5": 0.15665805543549172,
        "1.0": 0.14699226179440805,
        "1.5": 0.13324307770839264,
        "2.0": 0.12008908769813392,
        "3.0": 0.10577529096480864,
        "5.0": 0.12371032469039946
      }
    },
    "ppo_openloop_oracle": {
      "fair": false,
      "results": {
        "0.5": 0.9940960241253441,
        "1.0": 0.9921428664660015,
        "1.5": 0.9910576205826065,
        "2.0": 0.9894137099124646,
        "3.0": 0.9869946367432815,
        "5.0": 0.9663842750400558
      }
    }
  }
}