{
  "description": "Unified comparison, all eval with seed=50000+i",
  "noise_levels": [
    0.5,
    1.0,
    1.5,
    2.0,
    3.0,
    5.0
  ],
  "methods": {
    "grape": {
      "fair": true,
      "results": {
        "0.5": 0.979230669946641,
        "1.0": 0.9605533174430501,
        "1.5": 0.9297327673620598,
        "2.0": 0.8920246140771855,
        "3.0": 0.7952383629910327,
        "5.0": 0.5797912647561423
      }
    },
    "cmaes_per_alpha": {
      "fair": true,
      "results": {
        "0.5": 0.9926277485783208,
        "1.0": 0.9936462431132246,
        "1.5": 0.9781555182873345,
        "2.0": 0.9769175870926204,
        "3.0": 0.9582536701563404,
        "5.0": 0.9099477133440926
      }
    },
    "ppo_closed_loop": {
      "fair": true,
      "results": {
        "0.5": 0.9848544574813684,
        "1.0": 0.9848040385376526,
        "1.5": 0.980363631269823,
        "2.0": 0.9675994323345191,
        "3.0": 0.9751114139200027
      }
    },
    "dnaac_phase_c": {
      "fair": true,
      "results": {
        "0.5": 0.9916868442359305,
        "1.0": 0.9913632302219273,
        "1.5": 0.9912349285438353,
        "2.0": 0.9908643021097947,
        "3.0": 0.988457172540559,
        "5.0": 0.9723683274066097
      }
    },
    "ppo_openloop_fair": {
      "fair": true,
      "results": {
        "0.5": 0.9958351616850585,
        "1.0": 0.9946797650053867,
        "1.5": 0.9929121266550698,
        "2.0": 0.9901724974844579,
        "3.0": 0.9827526647108649,
        "5.0": 0.9530354493732031
      }
    },
    "naac_v3": {
      "fair": true,
      "results": {
        "0.5": 0.8778081031675538,
        "1.0": 0.8586883721677881,
        "1.5": 0.8429820246152405,
        "2.0": 0.8199912561242781,
        "3.0": 0.7706211720946464,
        "5.0": 0.6439841305812795
      }
    },
    "bc_fourier_oracle": {
      "fair": false,
      "results": {
        "0.5": 0.997950515044534,
        "1.0": 0.9977955844446413,
        "1.5": 0.9975779026094017,
        "2.0": 0.9972671983213134,
        "3.0": 0.9965900770766075,
        "5.0": 0.9942600041828759
      }
    },
    "dnaac_phase_b": {
      "fair": false,
      "results": {
        "0.5": 0.9979943082374075,
        "1.0": 0.9979051866366357,
        "1.5": 0.9978328417497531,
        "2.0": 0.9976378954778956,
        "3.0": 0.9973584576987331,
        "5.0": 0.9959137711455952
      }
    },
    "ppo_openloop_oracle": {
      "fair": false,
      "results": {
        "0.5": 0.9940960241253441,
        "1.0": 0.9921428664660015,
        "1.5": 0.9910576205826065,
        "2.0": 0.9894137099124646,
        "3.0": 0.9869946367432815,
        "5.0": 0.9663842750400558
      }
    }
  }
}